Itai Yeshurun,Elad Yosifon
Eyal Gaber,Oshri Cohen
Gal Bar,Barak Yaari
Gal Bar,Lital Morali
Gal Bar,Amit Weiss
Gal Bar,Michael Tzach
Elad Yosifon,Itai Yeshurun
Michael Tzach,Lital Morali
Michael Tzach,Amit Weiss
Michael Tzach,Barak Yaari
Michael Tzach,Gal Bar
Eli Sikuriansky,Amit Weiss
Eli Sikuriansky,Lior Parizade
Eli Sikuriansky,Barak Yaari
Oshri Cohen,Barak Yaari
Oshri Cohen,Eyal Gaber
Lior Parizade,Tal Waitzenberg
Lior Parizade,Barak Yaari
Lior Parizade,Eli Sikuriansky
Barak Yaari,Gal Bar
Barak Yaari,Oshri Cohen
Barak Yaari,Lital Morali
Barak Yaari,Michael Tzach
Barak Yaari,Lior Parizade
Barak Yaari,Eli Sikuriansky
Barak Yaari,Amit Weiss
Tal Waitzenberg,Amit Weiss
Tal Waitzenberg,Lior Parizade
Tal Waitzenberg,Lital Morali
Tal Abergil,Nisim Mazouz
Nisim Mazouz,Tal Abergil
Lital Morali,Michael Tzach
Lital Morali,Gal Bar
Lital Morali,Barak Yaari
Lital Morali,Tal Waitzenberg
Amit Weiss,Tal Waitzenberg
Amit Weiss,Michael Tzach
Amit Weiss,Gal Bar
Amit Weiss,Eli Sikuriansky
Amit Weiss,Barak Yaari
